Label,Dataset Mean,CQL Mean,DT Mean,CQL Success (%),DT Success (%)
Expert,198.95,203.93,284.7734088775565,74.0,100.0
Medium,-175.36,-181.63,-197.3362394122855,0.0,0.0
Random,-178.19,-135.4,-118.94133704599747,0.0,0.0
