Label,Dataset Mean,CQL Mean,DT Mean,CQL Success (%),DT Success (%)
Expert,198.95,203.93,244.17104157590487,74.0,92.0
Medium,-175.36,-181.63,-61.3313825635607,0.0,0.0
Random,-178.19,-135.4,-462.1394072799386,0.0,0.0
