Label,Dataset Mean,CQL Mean,DT Mean,CQL Success (%),DT Success (%)
Expert,198.95,203.93,243.58929443512068,74.0,90.0
Medium,-175.36,-181.63,-64.75456897606814,0.0,0.0
Random,-178.19,-135.4,-481.49181262714586,0.0,0.0
