Label,Dataset Mean,CQL Mean,DT Mean,CQL Success (%),DT Success (%)
Expert,237.7379913330078,,251.3621612163704,,96.0
Intermediate,105.54773309086568,85.71529721106442,116.44057957888974,0.0,4.0
Medium,-63.96480266372773,-53.50199471996836,-63.48812542754661,0.0,0.0
Random,-181.69129943847656,,-487.0092996614753,,0.0
